Kendall Tau tau,P-value,Significant Trend
0.37894736842105264,0.01978440310624434,Yes
