Kendall Tau tau,P-value,Significant Trend
0.23157894736842105,0.16497640636360544,No
